{
  "n_estimators": 423,
  "max_depth": 3,
  "learning_rate": 0.012001961927647489,
  "subsample": 0.7153877067603192,
  "colsample_bytree": 0.7696874576752234,
  "min_child_weight": 8,
  "scale_pos_weight": 2.1722972972972974,
  "random_state": 42,
  "verbosity": 0,
  "eval_metric": "auc"
}